{
  "project_info": {
    "project_number": "504101761931",
    "firebase_url": "https://tukangparkirdb-default-rtdb.asia-southeast1.firebasedatabase.app",
    "project_id": "tukangparkirdb",
    "storage_bucket": "tukangparkirdb.firebasestorage.app"
  },
  "client": [
    {
      "client_info": {
        "mobilesdk_app_id": "1:504101761931:android:8c8801759ff12e4c3d358e",
        "android_client_info": {
          "package_name": "com.example.tukangparkir"
        }
      },
      "oauth_client": [],
      "api_key": [
        {
          "current_key": "AIzaSyDusH208R-Yfb7viVEseRVIuRsIpi9OALU"
        }
      ],
      "services": {
        "appinvite_service": {
          "other_platform_oauth_client": []
        }
      }
    }
  ],
  "configuration_version": "1"
}